SNR, FER, sigma, testsCount, time(ms)
-5, 0, 1.25743, 10, 1237
-4, 0, 1.12069, 10, 702
-3, 0, 0.998815, 10, 515
